{"velocity_noise": [2.6, 2.6, 0], "bathy_mean_d": 21.285045267468078, "bathy_std": 215.01077619593897, "n": 10000, "cov": [0.016666666666666666, 0.016666666666666666, 0, 2.6, 2.6, 0]}