,start,end,duration,mean_error,median_error,distance,start_distance,end_distance,distance_traveled,mean_variance,median_variance
0,50580,54240,3660,1709.7922773524251,1616.7600253974913,3152.8655650541186,351880.7391070826,355033.6046721367,3152.8655650541186,230.05308588922844,231.16601864086158
0,54360,54600,240,2889.7493642848203,2902.7134067650827,6.513085412734654,355038.10748008965,355044.6205655024,6.513085412734654,333.6022227278596,350.3763545063226
0,300,420,120,1408.013584256848,1408.013584256848,40.62750054424987,66.85341048682565,107.48091103107552,40.62750054424987,11204.901640584303,11204.901640584303
0,28320,30060,1740,2163.482347813324,2138.225101970314,765.1008398209524,27553.332738416084,28318.433578237036,765.1008398209524,310.323936647642,243.95075827674876
0,30240,30480,240,2302.5076258682257,2313.0529568285374,90.52814502266483,28417.429663042025,28507.95780806469,90.52814502266483,590.6283515417342,597.2676060417831
0,30600,34860,4260,2134.2954284358393,2200.0612152107637,2237.34751833303,28546.88729847749,30784.23481681052,2237.34751833303,374.7696618261569,347.4520367886797
0,30360,36420,6060,1703.2616404925175,1897.8787497768362,8152.49703054712,11434.106722685183,19586.603753232303,8152.49703054712,257.1885802679277,259.24649330938587
0,37860,42060,4200,2252.7390770786806,2226.0717270859486,6771.9917468767235,21554.815762093083,28326.807508969807,6771.9917468767235,340.8521775111099,318.4636337129961
0,42180,42240,60,2620.604277642028,2620.604277642028,96.72931740558852,28530.78408708595,28627.51340449154,96.72931740558852,478.70714421938254,478.70714421938254
