,start,end,duration,mean_error,median_error,distance,start_distance,end_distance,distance_traveled,mean_variance,median_variance
trajectories,,,44949.09090909091,,,261065.45486789694,,,,,
recoveries,17331.044776119405,19672.388059701494,2341.3432835820895,1182.0261571865508,1159.97081618197,12280.307917324075,86477.53614271854,98757.84406004263,12280.307917324075,6964.353325974935,6951.646953743412
below_pixel,1950.44776119403,36916.119402985074,34965.67164179104,25811.93337571183,23092.70881832632,192323.76026031372,10660.786354513773,202984.5466148275,192323.76026031372,2752.8057130364664,1676.072974122301
certain_recoveries,18401.954887218046,35239.84962406015,16837.894736842107,36865.696413692574,34830.57752508915,95803.29844757299,92758.65848673259,188561.95693430558,95803.29844757299,1258.1001457488676,1199.5325665911996
certain_below_pixel,3362.686567164179,47471.64179104478,44108.9552238806,50926.130604196995,46421.60558735113,255867.23267220645,22014.99184696011,277882.2245191666,255867.23267220645,7504.320854631655,5856.106868405053
