,start,end,duration,mean_error,median_error,distance,start_distance,end_distance,distance_traveled,mean_variance,median_variance
trajectories,,,37229.53846153846,,,205296.60535573153,,,,,
recoveries,48022.5,48849.375,826.875,657.227289743652,643.1220152360357,4372.561446456221,242964.22220114907,247336.7836476053,4372.561446456221,5280.4309362368285,5287.858206812433
below_pixel,2459.090909090909,34462.72727272727,32003.636363636364,17060.061404604035,14688.951104290647,165065.51560855843,11272.600602840319,176338.11621139877,165065.51560855843,1566.302859586142,1187.3986456599443
certain_recoveries,57160.54054054054,63529.18918918919,6368.648648648648,61623.7311791502,61064.90624250405,33768.05465896753,286062.50529183215,319830.5599507997,33768.05465896753,927.5238655174428,912.2405338263871
certain_below_pixel,0.0,37229.53846153846,37229.53846153846,23463.333682380337,18017.160189803562,205296.60535573153,0.0,205296.60535573153,205296.60535573153,2181.845028262576,1328.435434048554
