{
    "velocity_noise": [2.6, 2.6, 0], 
    "bathy_mean_d": 21.285045267468078, 
    "bathy_std": 215.01077619593897, 
    "n": 100000, 
    "cov": [0.016666666666666666, 0.016666666666666666, 0, 2.6, 2.6, 0], 
    "gravity_mean_d": 15.272244889849036, 
    "gravity_std": 12.685835143336485, 
    "magnetic_mean_d": 5.700504804344624, 
    "magnetic_std": 170.11393371360725
}